<?xml version="1.0" encoding="UTF-8"?>

<project name="Polyspace" files="1" includes="28" ap_cg_cycle="0" ap_cg_direct_cycle="0" pshv="0" unpshv="0">
<file name="C:\Sankar\New_EA3_Database\Working\PSASH\src\Ap_PSASH.c" total_lines="878" lines_without_cmt="517" comf="16" fco="9">
<function name="DtrmnSysFlt" path="2" goto="0" vg="2" calling="1" calls="0" param="4" stmt="4" level="1" return="1" vocf="4.2" flin="11" fxln="6" ncalls="0">
</function>
<function name="HwIntv" path="9" goto="0" vg="5" calling="1" calls="3" param="3" stmt="13" level="2" return="0" vocf="4.0" flin="37" fxln="15" ncalls="5">
</function>
<function name="DtrmnRglnErr" path="8" goto="0" vg="11" calling="1" calls="1" param="2" stmt="14" level="1" return="1" vocf="7.8" flin="42" fxln="18" ncalls="1">
</function>
<function name="DtrmnApaAllwd" path="2" goto="0" vg="2" calling="1" calls="1" param="3" stmt="4" level="1" return="1" vocf="2.9" flin="11" fxln="6" ncalls="1">
</function>
<function name="IsAssistStallBlwThd" path="2" goto="0" vg="2" calling="1" calls="0" param="2" stmt="4" level="1" return="1" vocf="2.2" flin="8" fxln="3" ncalls="0">
</function>
<function name="IsThermLimitAbvThd" path="2" goto="0" vg="2" calling="1" calls="0" param="2" stmt="4" level="1" return="1" vocf="2.2" flin="8" fxln="3" ncalls="0">
</function>
<function name="IsVehicleSpeedAbvThd" path="2" goto="0" vg="2" calling="1" calls="0" param="2" stmt="4" level="1" return="1" vocf="2.2" flin="8" fxln="3" ncalls="0">
</function>
<function name="Chk_UnAvailableReady_Exit_Conds" path="3" goto="0" vg="3" calling="1" calls="0" param="3" stmt="6" level="2" return="0" vocf="3.5" flin="16" fxln="9" ncalls="0">
</function>
<function name="Chk_Available_Exit_Conds" path="7" goto="0" vg="7" calling="1" calls="2" param="5" stmt="16" level="3" return="0" vocf="4.8" flin="51" fxln="27" ncalls="2">
</function>
<function name="Chk_Progs_Exit_Conds" path="12" goto="0" vg="12" calling="1" calls="0" param="9" stmt="29" level="11" return="0" vocf="7.9" flin="58" fxln="31" ncalls="0">
</function>
<function name="PSASH_Per1" path="26" goto="0" vg="14" calling="0" calls="10" param="0" stmt="59" level="3" return="0" vocf="6.8" flin="189" fxln="90" ncalls="10">
</function>
<function name="PSASH_Init1" path="1" goto="0" vg="1" calling="0" calls="1" param="0" stmt="3" level="1" return="0" vocf="2.8" flin="12" fxln="2" ncalls="1">
</function>
<function name="NF_FullUpdate_f32" path="1" goto="0" vg="1" calling="0" calls="2" param="3" stmt="3" level="1" return="1" vocf="2.0" flin="0" fxln="0" ncalls="2">
</function>
<function name="NF_OpUpdate_f32" path="1" goto="0" vg="1" calling="1" calls="0" param="2" stmt="2" level="1" return="1" vocf="1.9" flin="0" fxln="0" ncalls="0">
</function>
<function name="NF_SvUpdate_f32" path="1" goto="0" vg="1" calling="1" calls="0" param="3" stmt="4" level="1" return="1" vocf="4.2" flin="0" fxln="0" ncalls="0">
</function>
<function name="Blend_f32" path="1" goto="0" vg="1" calling="0" calls="0" param="3" stmt="1" level="1" return="1" vocf="2.9" flin="0" fxln="0" ncalls="0">
</function>
</file>
</project>
