<?xml version="1.0" encoding="UTF-8"?>
<MISRA-C-Report-Summary>
<File Mode="advisory" Error="0" Warning="17" Total="17">
<Name>
C:\Sankar\Synergy\Working\PSATA-pznywf\PSATA\src\Ap_PSATA.c</Name>
</File>
<File Mode="required" Error="0" Warning="17" Total="17">
<Name>
C:\Sankar\Synergy\Working\PSATA-pznywf\PSATA\src\Ap_PSATA.c</Name>
</File>
<Rule Name="19.1" Count="11" Mode="advisory" Severity="warning">
<Message>
#include statements in a file shall only be preceded by other preprocessor directives or comments.</Message>
</Rule>
<Rule Name="10.1" Count="4" Mode="required" Severity="warning">
<Message>
</Message>
</Rule>
<Rule Name="5.7" Count="4" Mode="advisory" Severity="warning">
<Message>
</Message>
</Rule>
<Rule Name="8.10" Count="4" Mode="required" Severity="warning">
<Message>
</Message>
</Rule>
<Rule Name="8.7" Count="4" Mode="required" Severity="warning">
<Message>
Objects shall be defined at block scope if they are only accessed from</Message>
</Rule>
<Rule Name="8.1" Count="3" Mode="required" Severity="warning">
<Message>
</Message>
</Rule>
<Rule Name="6.3" Count="2" Mode="advisory" Severity="warning">
<Message>
typedefs that indicate size and signedness should be used in place of the basic types.</Message>
</Rule>
<Rule Name="10.2" Count="1" Mode="required" Severity="warning">
<Message>
Implicit conversion of complex floating expression from 'float' to 'double'.</Message>
</Rule>
<Rule Name="10.4" Count="1" Mode="required" Severity="warning">
<Message>
Complex expression of 'float' type may only be cast to narrower floating type,</Message>
</Rule>
</MISRA-C-Report-Summary>
