<?xml version="1.0" encoding="UTF-8"?>

<project name="Polyspace" files="1" includes="28" ap_cg_cycle="0" ap_cg_direct_cycle="0" pshv="0" unpshv="0">
<file name="C:\Sankar\Synergy\Working\PSATA-pznywf\PSATA\src\Ap_PSATA.c" total_lines="865" lines_without_cmt="205" comf="45" fco="6">
<function name="Cal_PosServoSmoothingFactor" path="2" goto="0" vg="5" calling="1" calls="2" param="2" stmt="13" level="1" return="0" vocf="5.1" flin="46" fxln="22" ncalls="3">
</function>
<function name="Cal_PosSrvoNTC" path="64" goto="0" vg="10" calling="1" calls="2" param="3" stmt="19" level="1" return="0" vocf="6.9" flin="72" fxln="27" ncalls="2">
</function>
<function name="PSATA_Per1" path="16" goto="0" vg="7" calling="0" calls="2" param="0" stmt="22" level="1" return="0" vocf="6.1" flin="87" fxln="26" ncalls="2">
</function>
<function name="PSATA_Init1" path="1" goto="0" vg="1" calling="0" calls="2" param="0" stmt="3" level="1" return="0" vocf="2.9" flin="12" fxln="2" ncalls="2">
</function>
<function name="NF_FullUpdate_f32" path="1" goto="0" vg="1" calling="0" calls="2" param="3" stmt="3" level="1" return="1" vocf="2.0" flin="0" fxln="0" ncalls="2">
</function>
<function name="NF_OpUpdate_f32" path="1" goto="0" vg="1" calling="1" calls="0" param="2" stmt="2" level="1" return="1" vocf="1.9" flin="0" fxln="0" ncalls="0">
</function>
<function name="NF_SvUpdate_f32" path="1" goto="0" vg="1" calling="1" calls="0" param="3" stmt="4" level="1" return="1" vocf="4.2" flin="0" fxln="0" ncalls="0">
</function>
<function name="Blend_f32" path="1" goto="0" vg="1" calling="0" calls="0" param="3" stmt="1" level="1" return="1" vocf="2.9" flin="0" fxln="0" ncalls="0">
</function>
</file>
</project>
